-- -------------------------------------------------------------
-- TablePlus 6.1.8(574)
--
-- https://tableplus.com/
--
-- Database: BRIW_ADA4
-- Generation Time: 2024-10-18 18:22:52.7850
-- -------------------------------------------------------------


/*!40101 SET @OLD_CHARACTER_SET_CLIENT=@@CHARACTER_SET_CLIENT */;
/*!40101 SET @OLD_CHARACTER_SET_RESULTS=@@CHARACTER_SET_RESULTS */;
/*!40101 SET @OLD_COLLATION_CONNECTION=@@COLLATION_CONNECTION */;
/*!40101 SET NAMES utf8mb4 */;
/*!40014 SET @OLD_UNIQUE_CHECKS=@@UNIQUE_CHECKS, UNIQUE_CHECKS=0 */;
/*!40014 SET @OLD_FOREIGN_KEY_CHECKS=@@FOREIGN_KEY_CHECKS, FOREIGN_KEY_CHECKS=0 */;
/*!40101 SET @OLD_SQL_MODE=@@SQL_MODE, SQL_MODE='NO_AUTO_VALUE_ON_ZERO' */;
/*!40111 SET @OLD_SQL_NOTES=@@SQL_NOTES, SQL_NOTES=0 */;


CREATE TABLE `Diccionario` (
  `id` int NOT NULL AUTO_INCREMENT,
  `termino` varchar(255) DEFAULT NULL,
  `numero_de_docs` int DEFAULT NULL,
  PRIMARY KEY (`id`),
  UNIQUE KEY `termino` (`termino`)
) ENGINE=InnoDB AUTO_INCREMENT=81 DEFAULT CHARSET=utf8mb4 COLLATE=utf8mb4_0900_ai_ci;

CREATE TABLE `Documentos` (
  `id` int NOT NULL AUTO_INCREMENT,
  `nombre_real` varchar(255) DEFAULT NULL,
  `nombre_hash` varchar(255) DEFAULT NULL,
  PRIMARY KEY (`id`)
) ENGINE=InnoDB AUTO_INCREMENT=9 DEFAULT CHARSET=utf8mb4 COLLATE=utf8mb4_0900_ai_ci;

CREATE TABLE `Posting` (
  `id` int NOT NULL AUTO_INCREMENT,
  `idTermino` int DEFAULT NULL,
  `documento` varchar(255) DEFAULT NULL,
  `frecuencia` int DEFAULT NULL,
  `fragmento` text,
  PRIMARY KEY (`id`),
  KEY `idTermino` (`idTermino`),
  CONSTRAINT `posting_ibfk_1` FOREIGN KEY (`idTermino`) REFERENCES `Diccionario` (`id`)
) ENGINE=InnoDB AUTO_INCREMENT=232 DEFAULT CHARSET=utf8mb4 COLLATE=utf8mb4_0900_ai_ci;

INSERT INTO `Diccionario` (`id`, `termino`, `numero_de_docs`) VALUES
(1, 'hoy', 7),
(2, 'es', 8),
(3, 'una', 7),
(4, 'de', 7),
(5, 'esas', 7),
(6, 'noches', 7),
(7, 'del', 7),
(8, 'amor', 7),
(9, 'inmenso', 7),
(10, 'dimensiones', 4),
(11, 'ideales', 4),
(12, 'pa', 4),
(13, 'un', 5),
(14, 'calor', 4),
(15, 'intenso', 4),
(16, 'situaciones', 4),
(17, 'irreales,', 4),
(18, 'mares', 4),
(19, 'suspenso', 4),
(20, 'conexiones', 4),
(21, 'siderales', 4),
(22, 'con', 4),
(23, 'eso', 4),
(24, 'que', 4),
(25, 'siento', 4),
(26, 'suena', 2),
(27, 'tan', 2),
(28, 'diferente', 2),
(29, 'cuando', 2),
(30, 'no', 2),
(31, 'lo', 2),
(32, 'pienso', 2),
(33, 'y', 2),
(34, 'me', 2),
(35, 'entrego', 2),
(36, 'al', 2),
(37, 'suceso', 2),
(38, 'da', 2),
(39, 'el', 2),
(40, 'presente', 2),
(41, 'todo', 2),
(42, 'transparente', 2),
(43, 'va', 2),
(44, 'perdiendo', 2),
(45, 'peso', 2),
(46, 'hacés', 2),
(47, 'vibrar', 2),
(48, 'mis', 2),
(49, 'huesos', 2),
(50, 'esa', 2),
(51, 'corriente', 2),
(52, 'estás', 2),
(53, 'pensando', 2),
(54, 'siempre', 2),
(55, 'hay', 2),
(56, 'algún', 2),
(57, 'error', 2),
(58, 'entiendo', 2),
(59, 'este', 3),
(60, 'mundo', 2),
(61, 'seductor', 2),
(62, 'perdete', 2),
(63, 'conmigo', 2),
(64, 'en', 2),
(65, 'vapor', 2),
(66, 'entregate', 2),
(67, 'a', 2),
(68, 'nuevo', 3),
(69, 'nos', 2),
(70, 'temblo', 2),
(71, 'esto', 1),
(72, 'ejemplo', 1),
(73, 'para', 1),
(74, 'ver', 1),
(75, 'si', 1),
(76, 'se', 1),
(77, 'guarda', 1),
(78, 'correctamente', 1),
(79, 'archivo', 1),
(80, 'jejeje', 1);

INSERT INTO `Documentos` (`id`, `nombre_real`, `nombre_hash`) VALUES
(1, 'prueba.txt', 'b25623dc6998675448963db53761ba8ed0a162a6ba51bf6a7541a3c68303cb3f'),
(2, 'prueba3.txt', '633e9613e4e6f17b898fcd6016626b5e32742f154095f43b8dac02d8a8cb0556'),
(3, 'prueba2.txt', 'df3d299c1245e45c37bc65e03a6b2a2946b2dfaedbd1bd0ff94ebd2b9c61cb4e'),
(4, 'prueba3.txt', '633e9613e4e6f17b898fcd6016626b5e32742f154095f43b8dac02d8a8cb0556'),
(5, 'prueba3.txt', '633e9613e4e6f17b898fcd6016626b5e32742f154095f43b8dac02d8a8cb0556'),
(6, 'prueba.txt', 'b25623dc6998675448963db53761ba8ed0a162a6ba51bf6a7541a3c68303cb3f'),
(7, 'prueba2.txt', 'df3d299c1245e45c37bc65e03a6b2a2946b2dfaedbd1bd0ff94ebd2b9c61cb4e'),
(8, 'tarea.txt', 'b5c74a257d54ec1eb2f281a6e45dd5b45b461a67b47a528e07631569e9025fbf');

INSERT INTO `Posting` (`id`, `idTermino`, `documento`, `frecuencia`, `fragmento`) VALUES
(1, 1, 'b25623dc6998675448963db53761ba8ed0a162a6ba51bf6a7541a3c68303cb3f', 1, 'Hoy es una de esas noches del amor inmenso\nDimensi'),
(2, 2, 'b25623dc6998675448963db53761ba8ed0a162a6ba51bf6a7541a3c68303cb3f', 21, 'Hoy es una de esas noches del amor inmenso\nDimensi'),
(3, 3, 'b25623dc6998675448963db53761ba8ed0a162a6ba51bf6a7541a3c68303cb3f', 1, 'Hoy es una de esas noches del amor inmenso\nDimensi'),
(4, 4, 'b25623dc6998675448963db53761ba8ed0a162a6ba51bf6a7541a3c68303cb3f', 6, 'Hoy es una de esas noches del amor inmenso\nDimensi'),
(5, 5, 'b25623dc6998675448963db53761ba8ed0a162a6ba51bf6a7541a3c68303cb3f', 1, 'Hoy es una de esas noches del amor inmenso\nDimensi'),
(6, 6, 'b25623dc6998675448963db53761ba8ed0a162a6ba51bf6a7541a3c68303cb3f', 1, 'Hoy es una de esas noches del amor inmenso\nDimensi'),
(7, 7, 'b25623dc6998675448963db53761ba8ed0a162a6ba51bf6a7541a3c68303cb3f', 1, 'oy es una de esas noches del amor inmenso\nDimensio'),
(8, 8, 'b25623dc6998675448963db53761ba8ed0a162a6ba51bf6a7541a3c68303cb3f', 1, 's una de esas noches del amor inmenso\nDimensiones '),
(9, 9, 'b25623dc6998675448963db53761ba8ed0a162a6ba51bf6a7541a3c68303cb3f', 1, ' de esas noches del amor inmenso\nDimensiones ideal'),
(10, 10, 'b25623dc6998675448963db53761ba8ed0a162a6ba51bf6a7541a3c68303cb3f', 1, ' noches del amor inmenso\nDimensiones ideales pa un'),
(11, 11, 'b25623dc6998675448963db53761ba8ed0a162a6ba51bf6a7541a3c68303cb3f', 1, 'amor inmenso\nDimensiones ideales pa un calor inten'),
(12, 12, 'b25623dc6998675448963db53761ba8ed0a162a6ba51bf6a7541a3c68303cb3f', 2, 'enso\nDimensiones ideales pa un calor intenso\nSitua'),
(13, 13, 'b25623dc6998675448963db53761ba8ed0a162a6ba51bf6a7541a3c68303cb3f', 3, 'Hoy es una de esas noches del amor inmenso\nDimensi'),
(14, 14, 'b25623dc6998675448963db53761ba8ed0a162a6ba51bf6a7541a3c68303cb3f', 1, 'imensiones ideales pa un calor intenso\nSituaciones'),
(15, 15, 'b25623dc6998675448963db53761ba8ed0a162a6ba51bf6a7541a3c68303cb3f', 1, 'ones ideales pa un calor intenso\nSituaciones irrea'),
(16, 16, 'b25623dc6998675448963db53761ba8ed0a162a6ba51bf6a7541a3c68303cb3f', 1, 'ales pa un calor intenso\nSituaciones irreales, mar'),
(17, 17, 'b25623dc6998675448963db53761ba8ed0a162a6ba51bf6a7541a3c68303cb3f', 1, 'alor intenso\nSituaciones irreales, mares de suspen'),
(18, 18, 'b25623dc6998675448963db53761ba8ed0a162a6ba51bf6a7541a3c68303cb3f', 1, 'so\nSituaciones irreales, mares de suspenso\nConexio'),
(19, 19, 'b25623dc6998675448963db53761ba8ed0a162a6ba51bf6a7541a3c68303cb3f', 1, 'iones irreales, mares de suspenso\nConexiones sider'),
(20, 20, 'b25623dc6998675448963db53761ba8ed0a162a6ba51bf6a7541a3c68303cb3f', 1, 'eales, mares de suspenso\nConexiones siderales con '),
(21, 21, 'b25623dc6998675448963db53761ba8ed0a162a6ba51bf6a7541a3c68303cb3f', 1, 's de suspenso\nConexiones siderales con eso que sie'),
(22, 22, 'b25623dc6998675448963db53761ba8ed0a162a6ba51bf6a7541a3c68303cb3f', 4, 'eales, mares de suspenso\nConexiones siderales con '),
(23, 23, 'b25623dc6998675448963db53761ba8ed0a162a6ba51bf6a7541a3c68303cb3f', 4, 'Conexiones siderales con eso que siento\nSuena tan '),
(24, 24, 'b25623dc6998675448963db53761ba8ed0a162a6ba51bf6a7541a3c68303cb3f', 5, 'xiones siderales con eso que siento\nSuena tan dife'),
(25, 25, 'b25623dc6998675448963db53761ba8ed0a162a6ba51bf6a7541a3c68303cb3f', 1, 'es siderales con eso que siento\nSuena tan diferent'),
(26, 26, 'b25623dc6998675448963db53761ba8ed0a162a6ba51bf6a7541a3c68303cb3f', 1, 'rales con eso que siento\nSuena tan diferente cuand'),
(27, 27, 'b25623dc6998675448963db53761ba8ed0a162a6ba51bf6a7541a3c68303cb3f', 2, 'con eso que siento\nSuena tan diferente cuando no l'),
(28, 28, 'b25623dc6998675448963db53761ba8ed0a162a6ba51bf6a7541a3c68303cb3f', 1, 'eso que siento\nSuena tan diferente cuando no lo pi'),
(29, 29, 'b25623dc6998675448963db53761ba8ed0a162a6ba51bf6a7541a3c68303cb3f', 2, 'ento\nSuena tan diferente cuando no lo pienso\nY me '),
(30, 30, 'b25623dc6998675448963db53761ba8ed0a162a6ba51bf6a7541a3c68303cb3f', 4, 'Hoy es una de esas noches del amor inmenso\nDimensi'),
(31, 31, 'b25623dc6998675448963db53761ba8ed0a162a6ba51bf6a7541a3c68303cb3f', 4, 'ensiones ideales pa un calor intenso\nSituaciones i'),
(32, 32, 'b25623dc6998675448963db53761ba8ed0a162a6ba51bf6a7541a3c68303cb3f', 1, 'n diferente cuando no lo pienso\nY me entrego al su'),
(33, 33, 'b25623dc6998675448963db53761ba8ed0a162a6ba51bf6a7541a3c68303cb3f', 4, 'Hoy es una de esas noches del amor inmenso\nDimensi'),
(34, 34, 'b25623dc6998675448963db53761ba8ed0a162a6ba51bf6a7541a3c68303cb3f', 4, 'e esas noches del amor inmenso\nDimensiones ideales'),
(35, 35, 'b25623dc6998675448963db53761ba8ed0a162a6ba51bf6a7541a3c68303cb3f', 1, 'cuando no lo pienso\nY me entrego al suceso que me '),
(36, 36, 'b25623dc6998675448963db53761ba8ed0a162a6ba51bf6a7541a3c68303cb3f', 6, 'r inmenso\nDimensiones ideales pa un calor intenso\n'),
(37, 37, 'b25623dc6998675448963db53761ba8ed0a162a6ba51bf6a7541a3c68303cb3f', 1, 'o pienso\nY me entrego al suceso que me da el prese'),
(38, 38, 'b25623dc6998675448963db53761ba8ed0a162a6ba51bf6a7541a3c68303cb3f', 2, 'entrego al suceso que me da el presente\nTodo es tr'),
(39, 39, 'b25623dc6998675448963db53761ba8ed0a162a6ba51bf6a7541a3c68303cb3f', 4, 'y es una de esas noches del amor inmenso\nDimension'),
(40, 40, 'b25623dc6998675448963db53761ba8ed0a162a6ba51bf6a7541a3c68303cb3f', 1, 'o al suceso que me da el presente\nTodo es transpar'),
(41, 41, 'b25623dc6998675448963db53761ba8ed0a162a6ba51bf6a7541a3c68303cb3f', 1, 'so que me da el presente\nTodo es transparente y va'),
(42, 42, 'b25623dc6998675448963db53761ba8ed0a162a6ba51bf6a7541a3c68303cb3f', 1, 'e da el presente\nTodo es transparente y va perdien'),
(43, 43, 'b25623dc6998675448963db53761ba8ed0a162a6ba51bf6a7541a3c68303cb3f', 2, 'e\nTodo es transparente y va perdiendo el peso\nCuan'),
(44, 44, 'b25623dc6998675448963db53761ba8ed0a162a6ba51bf6a7541a3c68303cb3f', 1, 'odo es transparente y va perdiendo el peso\nCuando '),
(45, 45, 'b25623dc6998675448963db53761ba8ed0a162a6ba51bf6a7541a3c68303cb3f', 1, 'arente y va perdiendo el peso\nCuando hacés vibrar'),
(46, 46, 'b25623dc6998675448963db53761ba8ed0a162a6ba51bf6a7541a3c68303cb3f', 1, 'perdiendo el peso\nCuando hacés vibrar mis huesos '),
(47, 47, 'b25623dc6998675448963db53761ba8ed0a162a6ba51bf6a7541a3c68303cb3f', 1, 'do el peso\nCuando hacés vibrar mis huesos con esa'),
(48, 48, 'b25623dc6998675448963db53761ba8ed0a162a6ba51bf6a7541a3c68303cb3f', 1, 'eso\nCuando hacés vibrar mis huesos con esa corrie'),
(49, 49, 'b25623dc6998675448963db53761ba8ed0a162a6ba51bf6a7541a3c68303cb3f', 1, 'Cuando hacés vibrar mis huesos con esa corriente\n'),
(50, 50, 'b25623dc6998675448963db53761ba8ed0a162a6ba51bf6a7541a3c68303cb3f', 2, 'Hoy es una de esas noches del amor inmenso\nDimensi'),
(51, 51, 'b25623dc6998675448963db53761ba8ed0a162a6ba51bf6a7541a3c68303cb3f', 1, 'ibrar mis huesos con esa corriente\nEstás pensando'),
(52, 52, 'b25623dc6998675448963db53761ba8ed0a162a6ba51bf6a7541a3c68303cb3f', 1, 'huesos con esa corriente\nEstás pensando siempre q'),
(53, 53, 'b25623dc6998675448963db53761ba8ed0a162a6ba51bf6a7541a3c68303cb3f', 1, 'con esa corriente\nEstás pensando siempre que hay '),
(54, 54, 'b25623dc6998675448963db53761ba8ed0a162a6ba51bf6a7541a3c68303cb3f', 1, 'orriente\nEstás pensando siempre que hay algún er'),
(55, 55, 'b25623dc6998675448963db53761ba8ed0a162a6ba51bf6a7541a3c68303cb3f', 1, 'ás pensando siempre que hay algún error\nEntiendo'),
(56, 56, 'b25623dc6998675448963db53761ba8ed0a162a6ba51bf6a7541a3c68303cb3f', 1, 'pensando siempre que hay algún error\nEntiendo que'),
(57, 57, 'b25623dc6998675448963db53761ba8ed0a162a6ba51bf6a7541a3c68303cb3f', 1, 'o siempre que hay algún error\nEntiendo que este m'),
(58, 58, 'b25623dc6998675448963db53761ba8ed0a162a6ba51bf6a7541a3c68303cb3f', 1, 'pre que hay algún error\nEntiendo que este mundo n'),
(59, 59, 'b25623dc6998675448963db53761ba8ed0a162a6ba51bf6a7541a3c68303cb3f', 2, 'lgún error\nEntiendo que este mundo no es tan sedu'),
(60, 60, 'b25623dc6998675448963db53761ba8ed0a162a6ba51bf6a7541a3c68303cb3f', 1, ' error\nEntiendo que este mundo no es tan seductor\n'),
(61, 61, 'b25623dc6998675448963db53761ba8ed0a162a6ba51bf6a7541a3c68303cb3f', 1, 'que este mundo no es tan seductor\nPerdete conmigo '),
(62, 62, 'b25623dc6998675448963db53761ba8ed0a162a6ba51bf6a7541a3c68303cb3f', 1, 'mundo no es tan seductor\nPerdete conmigo en este v'),
(63, 63, 'b25623dc6998675448963db53761ba8ed0a162a6ba51bf6a7541a3c68303cb3f', 1, ' es tan seductor\nPerdete conmigo en este vapor\nEnt'),
(64, 64, 'b25623dc6998675448963db53761ba8ed0a162a6ba51bf6a7541a3c68303cb3f', 18, ' esas noches del amor inmenso\nDimensiones ideales '),
(65, 65, 'b25623dc6998675448963db53761ba8ed0a162a6ba51bf6a7541a3c68303cb3f', 1, '\nPerdete conmigo en este vapor\nEntregate a lo nuev'),
(66, 66, 'b25623dc6998675448963db53761ba8ed0a162a6ba51bf6a7541a3c68303cb3f', 1, 'te conmigo en este vapor\nEntregate a lo nuevo que '),
(67, 67, 'b25623dc6998675448963db53761ba8ed0a162a6ba51bf6a7541a3c68303cb3f', 30, 'Hoy es una de esas noches del amor inmenso\nDimensi'),
(68, 68, 'b25623dc6998675448963db53761ba8ed0a162a6ba51bf6a7541a3c68303cb3f', 1, 'ste vapor\nEntregate a lo nuevo que nos da el tembl'),
(69, 69, 'b25623dc6998675448963db53761ba8ed0a162a6ba51bf6a7541a3c68303cb3f', 1, 'Entregate a lo nuevo que nos da el temblo\n'),
(70, 70, 'b25623dc6998675448963db53761ba8ed0a162a6ba51bf6a7541a3c68303cb3f', 1, 'a lo nuevo que nos da el temblo\n'),
(71, 1, '633e9613e4e6f17b898fcd6016626b5e32742f154095f43b8dac02d8a8cb0556', 1, 'Hoy es una de esas noches del amor inmenso\n\n\n'),
(72, 2, '633e9613e4e6f17b898fcd6016626b5e32742f154095f43b8dac02d8a8cb0556', 3, 'Hoy es una de esas noches del amor inmenso\n\n\n'),
(73, 3, '633e9613e4e6f17b898fcd6016626b5e32742f154095f43b8dac02d8a8cb0556', 1, 'Hoy es una de esas noches del amor inmenso\n\n\n'),
(74, 4, '633e9613e4e6f17b898fcd6016626b5e32742f154095f43b8dac02d8a8cb0556', 2, 'Hoy es una de esas noches del amor inmenso\n\n\n'),
(75, 5, '633e9613e4e6f17b898fcd6016626b5e32742f154095f43b8dac02d8a8cb0556', 1, 'Hoy es una de esas noches del amor inmenso\n\n\n'),
(76, 6, '633e9613e4e6f17b898fcd6016626b5e32742f154095f43b8dac02d8a8cb0556', 1, 'Hoy es una de esas noches del amor inmenso\n\n\n'),
(77, 7, '633e9613e4e6f17b898fcd6016626b5e32742f154095f43b8dac02d8a8cb0556', 1, 'oy es una de esas noches del amor inmenso\n\n\n'),
(78, 8, '633e9613e4e6f17b898fcd6016626b5e32742f154095f43b8dac02d8a8cb0556', 1, 's una de esas noches del amor inmenso\n\n\n'),
(79, 9, '633e9613e4e6f17b898fcd6016626b5e32742f154095f43b8dac02d8a8cb0556', 1, ' de esas noches del amor inmenso\n\n\n'),
(80, 1, 'df3d299c1245e45c37bc65e03a6b2a2946b2dfaedbd1bd0ff94ebd2b9c61cb4e', 1, 'Hoy es una de esas noches del amor inmenso\nDimensi'),
(81, 2, 'df3d299c1245e45c37bc65e03a6b2a2946b2dfaedbd1bd0ff94ebd2b9c61cb4e', 11, 'Hoy es una de esas noches del amor inmenso\nDimensi'),
(82, 3, 'df3d299c1245e45c37bc65e03a6b2a2946b2dfaedbd1bd0ff94ebd2b9c61cb4e', 1, 'Hoy es una de esas noches del amor inmenso\nDimensi'),
(83, 4, 'df3d299c1245e45c37bc65e03a6b2a2946b2dfaedbd1bd0ff94ebd2b9c61cb4e', 5, 'Hoy es una de esas noches del amor inmenso\nDimensi'),
(84, 5, 'df3d299c1245e45c37bc65e03a6b2a2946b2dfaedbd1bd0ff94ebd2b9c61cb4e', 1, 'Hoy es una de esas noches del amor inmenso\nDimensi'),
(85, 6, 'df3d299c1245e45c37bc65e03a6b2a2946b2dfaedbd1bd0ff94ebd2b9c61cb4e', 1, 'Hoy es una de esas noches del amor inmenso\nDimensi'),
(86, 7, 'df3d299c1245e45c37bc65e03a6b2a2946b2dfaedbd1bd0ff94ebd2b9c61cb4e', 1, 'oy es una de esas noches del amor inmenso\nDimensio'),
(87, 8, 'df3d299c1245e45c37bc65e03a6b2a2946b2dfaedbd1bd0ff94ebd2b9c61cb4e', 1, 's una de esas noches del amor inmenso\nDimensiones '),
(88, 9, 'df3d299c1245e45c37bc65e03a6b2a2946b2dfaedbd1bd0ff94ebd2b9c61cb4e', 1, ' de esas noches del amor inmenso\nDimensiones ideal'),
(89, 10, 'df3d299c1245e45c37bc65e03a6b2a2946b2dfaedbd1bd0ff94ebd2b9c61cb4e', 1, ' noches del amor inmenso\nDimensiones ideales pa un'),
(90, 11, 'df3d299c1245e45c37bc65e03a6b2a2946b2dfaedbd1bd0ff94ebd2b9c61cb4e', 1, 'amor inmenso\nDimensiones ideales pa un calor inten'),
(91, 12, 'df3d299c1245e45c37bc65e03a6b2a2946b2dfaedbd1bd0ff94ebd2b9c61cb4e', 1, 'enso\nDimensiones ideales pa un calor intenso\nSitua'),
(92, 13, 'df3d299c1245e45c37bc65e03a6b2a2946b2dfaedbd1bd0ff94ebd2b9c61cb4e', 2, 'Hoy es una de esas noches del amor inmenso\nDimensi'),
(93, 14, 'df3d299c1245e45c37bc65e03a6b2a2946b2dfaedbd1bd0ff94ebd2b9c61cb4e', 1, 'imensiones ideales pa un calor intenso\nSituaciones'),
(94, 15, 'df3d299c1245e45c37bc65e03a6b2a2946b2dfaedbd1bd0ff94ebd2b9c61cb4e', 1, 'ones ideales pa un calor intenso\nSituaciones irrea'),
(95, 16, 'df3d299c1245e45c37bc65e03a6b2a2946b2dfaedbd1bd0ff94ebd2b9c61cb4e', 1, 'ales pa un calor intenso\nSituaciones irreales, mar'),
(96, 17, 'df3d299c1245e45c37bc65e03a6b2a2946b2dfaedbd1bd0ff94ebd2b9c61cb4e', 1, 'alor intenso\nSituaciones irreales, mares de suspen'),
(97, 18, 'df3d299c1245e45c37bc65e03a6b2a2946b2dfaedbd1bd0ff94ebd2b9c61cb4e', 1, 'so\nSituaciones irreales, mares de suspenso\nConexio'),
(98, 19, 'df3d299c1245e45c37bc65e03a6b2a2946b2dfaedbd1bd0ff94ebd2b9c61cb4e', 1, 'iones irreales, mares de suspenso\nConexiones sider'),
(99, 20, 'df3d299c1245e45c37bc65e03a6b2a2946b2dfaedbd1bd0ff94ebd2b9c61cb4e', 1, 'eales, mares de suspenso\nConexiones siderales con '),
(100, 21, 'df3d299c1245e45c37bc65e03a6b2a2946b2dfaedbd1bd0ff94ebd2b9c61cb4e', 1, 's de suspenso\nConexiones siderales con eso que sie'),
(101, 22, 'df3d299c1245e45c37bc65e03a6b2a2946b2dfaedbd1bd0ff94ebd2b9c61cb4e', 2, 'eales, mares de suspenso\nConexiones siderales con '),
(102, 23, 'df3d299c1245e45c37bc65e03a6b2a2946b2dfaedbd1bd0ff94ebd2b9c61cb4e', 1, 'Conexiones siderales con eso que siento\n\n'),
(103, 24, 'df3d299c1245e45c37bc65e03a6b2a2946b2dfaedbd1bd0ff94ebd2b9c61cb4e', 1, 'xiones siderales con eso que siento\n\n'),
(104, 25, 'df3d299c1245e45c37bc65e03a6b2a2946b2dfaedbd1bd0ff94ebd2b9c61cb4e', 1, 'es siderales con eso que siento\n\n'),
(105, 1, '633e9613e4e6f17b898fcd6016626b5e32742f154095f43b8dac02d8a8cb0556', 1, 'Hoy es una de esas noches del amor inmenso\n\n\n'),
(106, 2, '633e9613e4e6f17b898fcd6016626b5e32742f154095f43b8dac02d8a8cb0556', 3, 'Hoy es una de esas noches del amor inmenso\n\n\n'),
(107, 3, '633e9613e4e6f17b898fcd6016626b5e32742f154095f43b8dac02d8a8cb0556', 1, 'Hoy es una de esas noches del amor inmenso\n\n\n'),
(108, 4, '633e9613e4e6f17b898fcd6016626b5e32742f154095f43b8dac02d8a8cb0556', 2, 'Hoy es una de esas noches del amor inmenso\n\n\n'),
(109, 5, '633e9613e4e6f17b898fcd6016626b5e32742f154095f43b8dac02d8a8cb0556', 1, 'Hoy es una de esas noches del amor inmenso\n\n\n'),
(110, 6, '633e9613e4e6f17b898fcd6016626b5e32742f154095f43b8dac02d8a8cb0556', 1, 'Hoy es una de esas noches del amor inmenso\n\n\n'),
(111, 7, '633e9613e4e6f17b898fcd6016626b5e32742f154095f43b8dac02d8a8cb0556', 1, 'oy es una de esas noches del amor inmenso\n\n\n'),
(112, 8, '633e9613e4e6f17b898fcd6016626b5e32742f154095f43b8dac02d8a8cb0556', 1, 's una de esas noches del amor inmenso\n\n\n'),
(113, 9, '633e9613e4e6f17b898fcd6016626b5e32742f154095f43b8dac02d8a8cb0556', 1, ' de esas noches del amor inmenso\n\n\n'),
(114, 1, '633e9613e4e6f17b898fcd6016626b5e32742f154095f43b8dac02d8a8cb0556', 1, 'Hoy es una de esas noches del amor inmenso\n\n\n'),
(115, 2, '633e9613e4e6f17b898fcd6016626b5e32742f154095f43b8dac02d8a8cb0556', 3, 'Hoy es una de esas noches del amor inmenso\n\n\n'),
(116, 3, '633e9613e4e6f17b898fcd6016626b5e32742f154095f43b8dac02d8a8cb0556', 1, 'Hoy es una de esas noches del amor inmenso\n\n\n'),
(117, 4, '633e9613e4e6f17b898fcd6016626b5e32742f154095f43b8dac02d8a8cb0556', 2, 'Hoy es una de esas noches del amor inmenso\n\n\n'),
(118, 5, '633e9613e4e6f17b898fcd6016626b5e32742f154095f43b8dac02d8a8cb0556', 1, 'Hoy es una de esas noches del amor inmenso\n\n\n'),
(119, 6, '633e9613e4e6f17b898fcd6016626b5e32742f154095f43b8dac02d8a8cb0556', 1, 'Hoy es una de esas noches del amor inmenso\n\n\n'),
(120, 7, '633e9613e4e6f17b898fcd6016626b5e32742f154095f43b8dac02d8a8cb0556', 1, 'oy es una de esas noches del amor inmenso\n\n\n'),
(121, 8, '633e9613e4e6f17b898fcd6016626b5e32742f154095f43b8dac02d8a8cb0556', 1, 's una de esas noches del amor inmenso\n\n\n'),
(122, 9, '633e9613e4e6f17b898fcd6016626b5e32742f154095f43b8dac02d8a8cb0556', 1, ' de esas noches del amor inmenso\n\n\n'),
(123, 1, 'b25623dc6998675448963db53761ba8ed0a162a6ba51bf6a7541a3c68303cb3f', 1, 'Hoy es una de esas noches del amor inmenso\nDimensi'),
(124, 2, 'b25623dc6998675448963db53761ba8ed0a162a6ba51bf6a7541a3c68303cb3f', 21, 'Hoy es una de esas noches del amor inmenso\nDimensi'),
(125, 3, 'b25623dc6998675448963db53761ba8ed0a162a6ba51bf6a7541a3c68303cb3f', 1, 'Hoy es una de esas noches del amor inmenso\nDimensi'),
(126, 4, 'b25623dc6998675448963db53761ba8ed0a162a6ba51bf6a7541a3c68303cb3f', 6, 'Hoy es una de esas noches del amor inmenso\nDimensi'),
(127, 5, 'b25623dc6998675448963db53761ba8ed0a162a6ba51bf6a7541a3c68303cb3f', 1, 'Hoy es una de esas noches del amor inmenso\nDimensi'),
(128, 6, 'b25623dc6998675448963db53761ba8ed0a162a6ba51bf6a7541a3c68303cb3f', 1, 'Hoy es una de esas noches del amor inmenso\nDimensi'),
(129, 7, 'b25623dc6998675448963db53761ba8ed0a162a6ba51bf6a7541a3c68303cb3f', 1, 'oy es una de esas noches del amor inmenso\nDimensio'),
(130, 8, 'b25623dc6998675448963db53761ba8ed0a162a6ba51bf6a7541a3c68303cb3f', 1, 's una de esas noches del amor inmenso\nDimensiones '),
(131, 9, 'b25623dc6998675448963db53761ba8ed0a162a6ba51bf6a7541a3c68303cb3f', 1, ' de esas noches del amor inmenso\nDimensiones ideal'),
(132, 10, 'b25623dc6998675448963db53761ba8ed0a162a6ba51bf6a7541a3c68303cb3f', 1, ' noches del amor inmenso\nDimensiones ideales pa un'),
(133, 11, 'b25623dc6998675448963db53761ba8ed0a162a6ba51bf6a7541a3c68303cb3f', 1, 'amor inmenso\nDimensiones ideales pa un calor inten'),
(134, 12, 'b25623dc6998675448963db53761ba8ed0a162a6ba51bf6a7541a3c68303cb3f', 2, 'enso\nDimensiones ideales pa un calor intenso\nSitua'),
(135, 13, 'b25623dc6998675448963db53761ba8ed0a162a6ba51bf6a7541a3c68303cb3f', 3, 'Hoy es una de esas noches del amor inmenso\nDimensi'),
(136, 14, 'b25623dc6998675448963db53761ba8ed0a162a6ba51bf6a7541a3c68303cb3f', 1, 'imensiones ideales pa un calor intenso\nSituaciones'),
(137, 15, 'b25623dc6998675448963db53761ba8ed0a162a6ba51bf6a7541a3c68303cb3f', 1, 'ones ideales pa un calor intenso\nSituaciones irrea'),
(138, 16, 'b25623dc6998675448963db53761ba8ed0a162a6ba51bf6a7541a3c68303cb3f', 1, 'ales pa un calor intenso\nSituaciones irreales, mar'),
(139, 17, 'b25623dc6998675448963db53761ba8ed0a162a6ba51bf6a7541a3c68303cb3f', 1, 'alor intenso\nSituaciones irreales, mares de suspen'),
(140, 18, 'b25623dc6998675448963db53761ba8ed0a162a6ba51bf6a7541a3c68303cb3f', 1, 'so\nSituaciones irreales, mares de suspenso\nConexio'),
(141, 19, 'b25623dc6998675448963db53761ba8ed0a162a6ba51bf6a7541a3c68303cb3f', 1, 'iones irreales, mares de suspenso\nConexiones sider'),
(142, 20, 'b25623dc6998675448963db53761ba8ed0a162a6ba51bf6a7541a3c68303cb3f', 1, 'eales, mares de suspenso\nConexiones siderales con '),
(143, 21, 'b25623dc6998675448963db53761ba8ed0a162a6ba51bf6a7541a3c68303cb3f', 1, 's de suspenso\nConexiones siderales con eso que sie'),
(144, 22, 'b25623dc6998675448963db53761ba8ed0a162a6ba51bf6a7541a3c68303cb3f', 4, 'eales, mares de suspenso\nConexiones siderales con '),
(145, 23, 'b25623dc6998675448963db53761ba8ed0a162a6ba51bf6a7541a3c68303cb3f', 4, 'Conexiones siderales con eso que siento\nSuena tan '),
(146, 24, 'b25623dc6998675448963db53761ba8ed0a162a6ba51bf6a7541a3c68303cb3f', 5, 'xiones siderales con eso que siento\nSuena tan dife'),
(147, 25, 'b25623dc6998675448963db53761ba8ed0a162a6ba51bf6a7541a3c68303cb3f', 1, 'es siderales con eso que siento\nSuena tan diferent'),
(148, 26, 'b25623dc6998675448963db53761ba8ed0a162a6ba51bf6a7541a3c68303cb3f', 1, 'rales con eso que siento\nSuena tan diferente cuand'),
(149, 27, 'b25623dc6998675448963db53761ba8ed0a162a6ba51bf6a7541a3c68303cb3f', 2, 'con eso que siento\nSuena tan diferente cuando no l'),
(150, 28, 'b25623dc6998675448963db53761ba8ed0a162a6ba51bf6a7541a3c68303cb3f', 1, 'eso que siento\nSuena tan diferente cuando no lo pi'),
(151, 29, 'b25623dc6998675448963db53761ba8ed0a162a6ba51bf6a7541a3c68303cb3f', 2, 'ento\nSuena tan diferente cuando no lo pienso\nY me '),
(152, 30, 'b25623dc6998675448963db53761ba8ed0a162a6ba51bf6a7541a3c68303cb3f', 4, 'Hoy es una de esas noches del amor inmenso\nDimensi'),
(153, 31, 'b25623dc6998675448963db53761ba8ed0a162a6ba51bf6a7541a3c68303cb3f', 4, 'ensiones ideales pa un calor intenso\nSituaciones i'),
(154, 32, 'b25623dc6998675448963db53761ba8ed0a162a6ba51bf6a7541a3c68303cb3f', 1, 'n diferente cuando no lo pienso\nY me entrego al su'),
(155, 33, 'b25623dc6998675448963db53761ba8ed0a162a6ba51bf6a7541a3c68303cb3f', 4, 'Hoy es una de esas noches del amor inmenso\nDimensi'),
(156, 34, 'b25623dc6998675448963db53761ba8ed0a162a6ba51bf6a7541a3c68303cb3f', 4, 'e esas noches del amor inmenso\nDimensiones ideales'),
(157, 35, 'b25623dc6998675448963db53761ba8ed0a162a6ba51bf6a7541a3c68303cb3f', 1, 'cuando no lo pienso\nY me entrego al suceso que me '),
(158, 36, 'b25623dc6998675448963db53761ba8ed0a162a6ba51bf6a7541a3c68303cb3f', 6, 'r inmenso\nDimensiones ideales pa un calor intenso\n'),
(159, 37, 'b25623dc6998675448963db53761ba8ed0a162a6ba51bf6a7541a3c68303cb3f', 1, 'o pienso\nY me entrego al suceso que me da el prese'),
(160, 38, 'b25623dc6998675448963db53761ba8ed0a162a6ba51bf6a7541a3c68303cb3f', 2, 'entrego al suceso que me da el presente\nTodo es tr'),
(161, 39, 'b25623dc6998675448963db53761ba8ed0a162a6ba51bf6a7541a3c68303cb3f', 4, 'y es una de esas noches del amor inmenso\nDimension'),
(162, 40, 'b25623dc6998675448963db53761ba8ed0a162a6ba51bf6a7541a3c68303cb3f', 1, 'o al suceso que me da el presente\nTodo es transpar'),
(163, 41, 'b25623dc6998675448963db53761ba8ed0a162a6ba51bf6a7541a3c68303cb3f', 1, 'so que me da el presente\nTodo es transparente y va'),
(164, 42, 'b25623dc6998675448963db53761ba8ed0a162a6ba51bf6a7541a3c68303cb3f', 1, 'e da el presente\nTodo es transparente y va perdien'),
(165, 43, 'b25623dc6998675448963db53761ba8ed0a162a6ba51bf6a7541a3c68303cb3f', 2, 'e\nTodo es transparente y va perdiendo el peso\nCuan'),
(166, 44, 'b25623dc6998675448963db53761ba8ed0a162a6ba51bf6a7541a3c68303cb3f', 1, 'odo es transparente y va perdiendo el peso\nCuando '),
(167, 45, 'b25623dc6998675448963db53761ba8ed0a162a6ba51bf6a7541a3c68303cb3f', 1, 'arente y va perdiendo el peso\nCuando hacés vibrar'),
(168, 46, 'b25623dc6998675448963db53761ba8ed0a162a6ba51bf6a7541a3c68303cb3f', 1, 'perdiendo el peso\nCuando hacés vibrar mis huesos '),
(169, 47, 'b25623dc6998675448963db53761ba8ed0a162a6ba51bf6a7541a3c68303cb3f', 1, 'do el peso\nCuando hacés vibrar mis huesos con esa'),
(170, 48, 'b25623dc6998675448963db53761ba8ed0a162a6ba51bf6a7541a3c68303cb3f', 1, 'eso\nCuando hacés vibrar mis huesos con esa corrie'),
(171, 49, 'b25623dc6998675448963db53761ba8ed0a162a6ba51bf6a7541a3c68303cb3f', 1, 'Cuando hacés vibrar mis huesos con esa corriente\n'),
(172, 50, 'b25623dc6998675448963db53761ba8ed0a162a6ba51bf6a7541a3c68303cb3f', 2, 'Hoy es una de esas noches del amor inmenso\nDimensi'),
(173, 51, 'b25623dc6998675448963db53761ba8ed0a162a6ba51bf6a7541a3c68303cb3f', 1, 'ibrar mis huesos con esa corriente\nEstás pensando'),
(174, 52, 'b25623dc6998675448963db53761ba8ed0a162a6ba51bf6a7541a3c68303cb3f', 1, 'huesos con esa corriente\nEstás pensando siempre q'),
(175, 53, 'b25623dc6998675448963db53761ba8ed0a162a6ba51bf6a7541a3c68303cb3f', 1, 'con esa corriente\nEstás pensando siempre que hay '),
(176, 54, 'b25623dc6998675448963db53761ba8ed0a162a6ba51bf6a7541a3c68303cb3f', 1, 'orriente\nEstás pensando siempre que hay algún er'),
(177, 55, 'b25623dc6998675448963db53761ba8ed0a162a6ba51bf6a7541a3c68303cb3f', 1, 'ás pensando siempre que hay algún error\nEntiendo'),
(178, 56, 'b25623dc6998675448963db53761ba8ed0a162a6ba51bf6a7541a3c68303cb3f', 1, 'pensando siempre que hay algún error\nEntiendo que'),
(179, 57, 'b25623dc6998675448963db53761ba8ed0a162a6ba51bf6a7541a3c68303cb3f', 1, 'o siempre que hay algún error\nEntiendo que este m'),
(180, 58, 'b25623dc6998675448963db53761ba8ed0a162a6ba51bf6a7541a3c68303cb3f', 1, 'pre que hay algún error\nEntiendo que este mundo n'),
(181, 59, 'b25623dc6998675448963db53761ba8ed0a162a6ba51bf6a7541a3c68303cb3f', 2, 'lgún error\nEntiendo que este mundo no es tan sedu'),
(182, 60, 'b25623dc6998675448963db53761ba8ed0a162a6ba51bf6a7541a3c68303cb3f', 1, ' error\nEntiendo que este mundo no es tan seductor\n'),
(183, 61, 'b25623dc6998675448963db53761ba8ed0a162a6ba51bf6a7541a3c68303cb3f', 1, 'que este mundo no es tan seductor\nPerdete conmigo '),
(184, 62, 'b25623dc6998675448963db53761ba8ed0a162a6ba51bf6a7541a3c68303cb3f', 1, 'mundo no es tan seductor\nPerdete conmigo en este v'),
(185, 63, 'b25623dc6998675448963db53761ba8ed0a162a6ba51bf6a7541a3c68303cb3f', 1, ' es tan seductor\nPerdete conmigo en este vapor\nEnt'),
(186, 64, 'b25623dc6998675448963db53761ba8ed0a162a6ba51bf6a7541a3c68303cb3f', 18, ' esas noches del amor inmenso\nDimensiones ideales '),
(187, 65, 'b25623dc6998675448963db53761ba8ed0a162a6ba51bf6a7541a3c68303cb3f', 1, '\nPerdete conmigo en este vapor\nEntregate a lo nuev'),
(188, 66, 'b25623dc6998675448963db53761ba8ed0a162a6ba51bf6a7541a3c68303cb3f', 1, 'te conmigo en este vapor\nEntregate a lo nuevo que '),
(189, 67, 'b25623dc6998675448963db53761ba8ed0a162a6ba51bf6a7541a3c68303cb3f', 30, 'Hoy es una de esas noches del amor inmenso\nDimensi'),
(190, 68, 'b25623dc6998675448963db53761ba8ed0a162a6ba51bf6a7541a3c68303cb3f', 1, 'ste vapor\nEntregate a lo nuevo que nos da el tembl'),
(191, 69, 'b25623dc6998675448963db53761ba8ed0a162a6ba51bf6a7541a3c68303cb3f', 1, 'Entregate a lo nuevo que nos da el temblo\n'),
(192, 70, 'b25623dc6998675448963db53761ba8ed0a162a6ba51bf6a7541a3c68303cb3f', 1, 'a lo nuevo que nos da el temblo\n'),
(193, 1, 'df3d299c1245e45c37bc65e03a6b2a2946b2dfaedbd1bd0ff94ebd2b9c61cb4e', 1, 'Hoy es una de esas noches del amor inmenso\nDimensi'),
(194, 2, 'df3d299c1245e45c37bc65e03a6b2a2946b2dfaedbd1bd0ff94ebd2b9c61cb4e', 11, 'Hoy es una de esas noches del amor inmenso\nDimensi'),
(195, 3, 'df3d299c1245e45c37bc65e03a6b2a2946b2dfaedbd1bd0ff94ebd2b9c61cb4e', 1, 'Hoy es una de esas noches del amor inmenso\nDimensi'),
(196, 4, 'df3d299c1245e45c37bc65e03a6b2a2946b2dfaedbd1bd0ff94ebd2b9c61cb4e', 5, 'Hoy es una de esas noches del amor inmenso\nDimensi'),
(197, 5, 'df3d299c1245e45c37bc65e03a6b2a2946b2dfaedbd1bd0ff94ebd2b9c61cb4e', 1, 'Hoy es una de esas noches del amor inmenso\nDimensi'),
(198, 6, 'df3d299c1245e45c37bc65e03a6b2a2946b2dfaedbd1bd0ff94ebd2b9c61cb4e', 1, 'Hoy es una de esas noches del amor inmenso\nDimensi'),
(199, 7, 'df3d299c1245e45c37bc65e03a6b2a2946b2dfaedbd1bd0ff94ebd2b9c61cb4e', 1, 'oy es una de esas noches del amor inmenso\nDimensio'),
(200, 8, 'df3d299c1245e45c37bc65e03a6b2a2946b2dfaedbd1bd0ff94ebd2b9c61cb4e', 1, 's una de esas noches del amor inmenso\nDimensiones '),
(201, 9, 'df3d299c1245e45c37bc65e03a6b2a2946b2dfaedbd1bd0ff94ebd2b9c61cb4e', 1, ' de esas noches del amor inmenso\nDimensiones ideal'),
(202, 10, 'df3d299c1245e45c37bc65e03a6b2a2946b2dfaedbd1bd0ff94ebd2b9c61cb4e', 1, ' noches del amor inmenso\nDimensiones ideales pa un'),
(203, 11, 'df3d299c1245e45c37bc65e03a6b2a2946b2dfaedbd1bd0ff94ebd2b9c61cb4e', 1, 'amor inmenso\nDimensiones ideales pa un calor inten'),
(204, 12, 'df3d299c1245e45c37bc65e03a6b2a2946b2dfaedbd1bd0ff94ebd2b9c61cb4e', 1, 'enso\nDimensiones ideales pa un calor intenso\nSitua'),
(205, 13, 'df3d299c1245e45c37bc65e03a6b2a2946b2dfaedbd1bd0ff94ebd2b9c61cb4e', 2, 'Hoy es una de esas noches del amor inmenso\nDimensi'),
(206, 14, 'df3d299c1245e45c37bc65e03a6b2a2946b2dfaedbd1bd0ff94ebd2b9c61cb4e', 1, 'imensiones ideales pa un calor intenso\nSituaciones'),
(207, 15, 'df3d299c1245e45c37bc65e03a6b2a2946b2dfaedbd1bd0ff94ebd2b9c61cb4e', 1, 'ones ideales pa un calor intenso\nSituaciones irrea'),
(208, 16, 'df3d299c1245e45c37bc65e03a6b2a2946b2dfaedbd1bd0ff94ebd2b9c61cb4e', 1, 'ales pa un calor intenso\nSituaciones irreales, mar'),
(209, 17, 'df3d299c1245e45c37bc65e03a6b2a2946b2dfaedbd1bd0ff94ebd2b9c61cb4e', 1, 'alor intenso\nSituaciones irreales, mares de suspen'),
(210, 18, 'df3d299c1245e45c37bc65e03a6b2a2946b2dfaedbd1bd0ff94ebd2b9c61cb4e', 1, 'so\nSituaciones irreales, mares de suspenso\nConexio'),
(211, 19, 'df3d299c1245e45c37bc65e03a6b2a2946b2dfaedbd1bd0ff94ebd2b9c61cb4e', 1, 'iones irreales, mares de suspenso\nConexiones sider'),
(212, 20, 'df3d299c1245e45c37bc65e03a6b2a2946b2dfaedbd1bd0ff94ebd2b9c61cb4e', 1, 'eales, mares de suspenso\nConexiones siderales con '),
(213, 21, 'df3d299c1245e45c37bc65e03a6b2a2946b2dfaedbd1bd0ff94ebd2b9c61cb4e', 1, 's de suspenso\nConexiones siderales con eso que sie'),
(214, 22, 'df3d299c1245e45c37bc65e03a6b2a2946b2dfaedbd1bd0ff94ebd2b9c61cb4e', 2, 'eales, mares de suspenso\nConexiones siderales con '),
(215, 23, 'df3d299c1245e45c37bc65e03a6b2a2946b2dfaedbd1bd0ff94ebd2b9c61cb4e', 1, 'Conexiones siderales con eso que siento\n\n'),
(216, 24, 'df3d299c1245e45c37bc65e03a6b2a2946b2dfaedbd1bd0ff94ebd2b9c61cb4e', 1, 'xiones siderales con eso que siento\n\n'),
(217, 25, 'df3d299c1245e45c37bc65e03a6b2a2946b2dfaedbd1bd0ff94ebd2b9c61cb4e', 1, 'es siderales con eso que siento\n\n'),
(218, 71, 'b5c74a257d54ec1eb2f281a6e45dd5b45b461a67b47a528e07631569e9025fbf', 1, 'Esto es un ejemplo nuevo para ver si se guarda cor'),
(219, 2, 'b5c74a257d54ec1eb2f281a6e45dd5b45b461a67b47a528e07631569e9025fbf', 3, 'Esto es un ejemplo nuevo para ver si se guarda cor'),
(220, 13, 'b5c74a257d54ec1eb2f281a6e45dd5b45b461a67b47a528e07631569e9025fbf', 1, 'Esto es un ejemplo nuevo para ver si se guarda cor'),
(221, 72, 'b5c74a257d54ec1eb2f281a6e45dd5b45b461a67b47a528e07631569e9025fbf', 1, 'Esto es un ejemplo nuevo para ver si se guarda cor'),
(222, 68, 'b5c74a257d54ec1eb2f281a6e45dd5b45b461a67b47a528e07631569e9025fbf', 1, 'Esto es un ejemplo nuevo para ver si se guarda cor'),
(223, 73, 'b5c74a257d54ec1eb2f281a6e45dd5b45b461a67b47a528e07631569e9025fbf', 1, 'Esto es un ejemplo nuevo para ver si se guarda cor'),
(224, 74, 'b5c74a257d54ec1eb2f281a6e45dd5b45b461a67b47a528e07631569e9025fbf', 1, 'es un ejemplo nuevo para ver si se guarda correcta'),
(225, 75, 'b5c74a257d54ec1eb2f281a6e45dd5b45b461a67b47a528e07631569e9025fbf', 1, 'n ejemplo nuevo para ver si se guarda correctament'),
(226, 76, 'b5c74a257d54ec1eb2f281a6e45dd5b45b461a67b47a528e07631569e9025fbf', 1, 'jemplo nuevo para ver si se guarda correctamente e'),
(227, 77, 'b5c74a257d54ec1eb2f281a6e45dd5b45b461a67b47a528e07631569e9025fbf', 1, 'plo nuevo para ver si se guarda correctamente este'),
(228, 78, 'b5c74a257d54ec1eb2f281a6e45dd5b45b461a67b47a528e07631569e9025fbf', 1, 'vo para ver si se guarda correctamente este archiv'),
(229, 59, 'b5c74a257d54ec1eb2f281a6e45dd5b45b461a67b47a528e07631569e9025fbf', 1, ' se guarda correctamente este archivo jejeje'),
(230, 79, 'b5c74a257d54ec1eb2f281a6e45dd5b45b461a67b47a528e07631569e9025fbf', 1, 'uarda correctamente este archivo jejeje'),
(231, 80, 'b5c74a257d54ec1eb2f281a6e45dd5b45b461a67b47a528e07631569e9025fbf', 1, 'rrectamente este archivo jejeje');



/*!40101 SET SQL_MODE=@OLD_SQL_MODE */;
/*!40014 SET FOREIGN_KEY_CHECKS=@OLD_FOREIGN_KEY_CHECKS */;
/*!40014 SET UNIQUE_CHECKS=@OLD_UNIQUE_CHECKS */;
/*!40101 SET CHARACTER_SET_CLIENT=@OLD_CHARACTER_SET_CLIENT */;
/*!40101 SET CHARACTER_SET_RESULTS=@OLD_CHARACTER_SET_RESULTS */;
/*!40101 SET COLLATION_CONNECTION=@OLD_COLLATION_CONNECTION */;
/*!40111 SET SQL_NOTES=@OLD_SQL_NOTES */;